;COMPANY_NAME;TICKER_COMPANY;INDUSTRY_CLASSIFICATION;COUNTRY;S_and_P_rating;Parent Company;Ultimate Corporate Parent;FINANCIAL_INFO_YEAR;FULL_YEAR_REVENU;EBIT_FULL_YEAR;EBITDA_FULL_YEAR;CAPEX;TOTAL_ASSETS;NET_PROPERTY_PLANT_EQUIPEMENT_FY;MACHINERY;TOTAL_CAPITAL_LEASES;RATIO_CAPEX_REVENU;RATIO_PPE_ASSETS;RATIO_MACHINERY_PPE;RATIO_DEPRECIATION_REVNEUS;RATIO_DEPRECIATION_PPE;RATIO_CAPITAL_LEASE_PPE;RATIO_ROA;RATIO_FA_TURNOVER;POTENTIAL_CAPEX_REVENU;POTENTIAL_PPE_ASSETS;POTENTIAL_MACHINERY_PPE;POTENTIAL_DEPRECIATION_REVNEUS;POTENTIAL_DEPRECIATION_PPE;POTENTIAL_CAPITAL_LEASE_PPE;POTENTIAL_ROA;POTENTIAL_FA_TURNOVER;FINAL_POTENTIAL;FORECAST_NBI;FINAL_RANK;FINAL_LABEL
78;Entreprise 79;0;0;0;0;0.0;0;2018;603.4337032679359;329.42585085408007;778.9872808483453;106.41279902859446;993.698378578222;645.489912986843;713.0291079989977;140.65660602514507;0.17634546836265322;0.649583341285518;1.1046324561442546;-0.5686600352405347;-0.5316095946067327;0.21790674524144277;0.33151493245407193;0.21790674524144277;0.0;0.0;0.0;0.0;0.0;0.075;0.3487398739873987;0.025;44.87398739873987;22.592146954539505;1013.7997177484851;NA
90;Entreprise 91;0;0;0;0;0.0;0;2018;121.36742588969196;901.0279202678678;247.54906709360924;688.0886387675774;561.9839848587643;529.0659279257573;378.29192039643345;148.30992123381824;5.669467187950128;0.9414252757731524;0.7150184890559016;11.053769016747177;2.5357283868223237;0.2803240832674265;1.6032982158634124;0.2803240832674265;0.023118279569892472;0.0;0.0;0.07096774193548387;0.019086021505376347;0.075;0.34107410741074107;0.025;55.424615042149384;18.517307477401502;1026.3146385520924;NA
92;Entreprise 93;0;0;0;0;0.0;0;2018;992.8648740940562;43.76763705667697;135.79532148723916;401.15249558499323;804.1101811437759;670.4783006512437;381.2823987921693;280.91494101364754;0.4040353385963287;0.8338139677544529;0.5686722425197431;0.3113463062498744;0.46105117921664934;0.418976931454443;0.054429900383081035;0.418976931454443;0.0;0.0;0.0;0.0;0.0032258064516129032;0.075;0.35;0.025;45.322580645161295;23.466740522793526;1063.573239823384;NA
53;Entreprise 54;0;0;0;0;0.0;0;2018;613.7878325894453;728.8195366900721;124.95331578259194;37.022950730734024;817.7172675816687;684.1261205624808;932.1314539575643;463.46489709309515;0.06031880849534239;0.8366291720679047;1.3625140539746916;1.0441542461577218;0.9367997396609887;0.677455345093445;0.8912854914333602;0.677455345093445;0.0;0.0;0.0;0.0;0.0032258064516129032;0.075;0.3453795379537954;0.025;44.86053444054083;23.944414219686823;1074.1592187608364;NA
93;Entreprise 94;0;0;0;0;0.0;0;2018;702.0284845962094;749.3658675650994;119.97628910739677;875.6875951707348;959.3861267746629;676.3693190234246;22.863975002707313;161.58615803693888;1.2473676131167386;0.7050021885320505;0.03380398010323627;2.1438975862840137;2.2252298135012127;0.23890225871014514;0.7810889136831428;0.23890225871014514;0.0;0.0;0.0;0.0;0.019086021505376347;0.075;0.34604460446044605;0.025;46.513062596582245;23.67292616581986;1101.1002965950488;NA
21;Entreprise 22;TICKER 22;Aerospace and Defense (Primary);France (Primary);B+;;Moult-Entreprise SA (ENXTPA:SAF);2018;624.1905088588725;521.8496291862423;678.2311555532026;480.5511359483272;30.905650405669284;464.8157330078845;964.6507031792956;146.939632232576;0.7698789538259037;15.039830157485358;2.0753400426808115;0.5193440223466465;0.6974153122649748;0.3161244807306975;16.885249860022846;0.3161244807306975;0.0;0.3311827956989247;0.0;0.0;0.0032258064516129032;0.075;0.24876987698769876;0.025;68.31784791382364;16.268550655275956;1111.4323694454786;NA
36;Entreprise 37;0;0;0;0;0.0;0;2018;305.37884943338076;871.9059775747742;842.6609598155924;376.2485024789565;837.4631259443983;719.6515854059701;603.2854965231105;579.9633583265106;1.2320712556782232;0.859323310019682;0.8383021850535977;1.3278376056184527;0.5634581073136817;0.8058946441413611;1.041127603787373;0.8058946441413611;0.0;0.0;0.0;0.0;0.0032258064516129032;0.075;0.34446944694469445;0.025;44.76952533963073;25.18780548920895;1127.6460960988302;NA
88;Entreprise 89;0;0;0;0;0.0;0;2018;464.9376736887375;371.7070506187341;306.68742297882943;668.0508684880127;818.2619923890547;716.3438545042417;473.59989393543003;85.05133754472682;1.436861124175654;0.8754455922029988;0.6611348599663679;1.5767070246466781;1.023350017618636;0.11872976505617974;0.45426410376641385;0.11872976505617974;0.0;0.0;0.0;0.0;0.0032258064516129032;0.075;0.348004800480048;0.025;45.123060693166096;25.072034907648458;1131.3269528390003;NA
69;Entreprise 70;0;0;0;0;0.0;0;2018;224.25172600235487;386.5152635681224;677.8046494048701;763.0844053058893;910.2852100289698;693.328315338493;96.07858284608584;550.5760296283855;3.4028028185516668;0.7616605297985978;0.13857588204684657;2.103863492511925;0.6804785107309578;0.7941057900679944;0.4246089679473333;0.7941057900679944;0.01693548387096774;0.0;0.0;0.0;0.0032258064516129032;0.075;0.34817981798179815;0.025;46.83411083043788;24.266491036847253;1136.4995306855317;BRONZE
64;Entreprise 65;0;0;0;0;0.0;0;2018;962.0790204516728;592.2334122930047;495.2027298462116;597.8704686019373;93.57107869110237;66.2391378552959;198.9642086237582;947.4064578981555;0.6214359277071145;0.7079018301580672;3.003725819294473;0.7222911385412927;10.490794016172;14.3028198822248;6.329235705918178;14.3028198822248;0.0;0.0;0.058064516129032254;0.0;0.024193548387096777;0.075;0.3125112511251125;0.025;49.47693156412416;2.3183698249353557;114.7058251686571;NA
27;Entreprise 28;TICKER 28;Aerospace and Defense (Primary);Netherlands (Primary);A+;;AirWarrior SE (ENXTPA:AIR);2018;859.8867247078998;382.1622519585823;583.9349984258633;322.832471821901;226.12940684458627;474.3867664906706;656.9297837577457;893.3328716646274;0.37543604587170004;2.097855263984777;1.3847978699268058;0.14078566615357793;0.25519203718554984;1.8831319395209054;1.6900157183945295;1.8831319395209054;0.0;0.2521505376344086;0.0;0.0;0.0032258064516129032;0.075;0.34054905490549053;0.025;69.5925398991512;16.60353682717347;1155.4822991120961;BRONZE
61;Entreprise 62;0;0;0;0;0.0;0;2018;154.48369591663914;258.15040520584455;389.3138951291948;379.91742690926566;700.8411222778069;704.7110395037846;756.2454297214935;832.9030753133753;2.4592719940767904;1.0055218181453167;1.073128399200325;1.61022776876173;0.35298714372499834;1.1819072337789058;0.3683436901744988;1.1819072337789058;0.01693548387096774;0.0;0.0;0.0;0.0032258064516129032;0.075;0.34852985298529854;0.025;46.86911433078792;24.66488638263246;1156.021379823495;BRONZE
8;Entreprise 9;TICKER 9;Aerospace and Defense (Primary);Netherlands (Primary);A+;;AirWarrior SE (ENXTPA:AIR);2018;662.1782360423824;606.167229051828;596.2062839763718;374.1436702483304;95.65448261948728;77.43977423989834;112.03052267905322;709.8110377542739;0.5650195821663694;0.809578099418018;1.4466793553916781;0.5800622769172411;4.9600430669371605;9.165975039588464;6.337049895122596;9.165975039588464;0.0;0.0;0.0;0.0;0.0228494623655914;0.075;0.31247624762476245;0.025;43.532570999035386;2.710392098396442;117.9903364586676;NA
9;Entreprise 10;TICKER 10;Aerospace and Defense (Primary);Netherlands (Primary);A+;;AirWarrior SE (ENXTPA:AIR);2018;134.10909863109777;932.7615183681879;785.2200116436417;396.5500861392518;438.4480504877637;661.8145966546514;537.1631745566356;260.5897030774654;2.95692156749235;1.5094481453809576;0.8116520506980273;4.057081871532555;0.8221208713347801;0.3937503107285597;2.127416275042189;0.3937503107285597;0.01693548387096774;0.0;0.0;0.058064516129032254;0.0032258064516129032;0.075;0.3378887888788879;0.025;51.61145953305007;23.163510882912796;1195.5026045768188;BRONZE
91;Entreprise 92;0;0;0;0;0.0;0;2018;691.4569945399005;364.02137721131;183.60142684691294;282.5547435443676;868.8607450969081;761.3422386150165;361.1811642911383;560.5592076251751;0.40863675655256215;0.8762534651396876;0.4744005336524809;0.6695639751490702;0.6081032555752819;0.7362775624335612;0.41896400460664035;0.7362775624335612;0.0;0.0;0.0;0.0;0.0032258064516129032;0.075;0.3482148214821482;0.025;45.144062793376115;26.646978351525576;1202.9528639550044;BRONZE
80;Entreprise 81;0;0;0;0;0.0;0;2018;990.1257890826838;588.4586596618326;551.3045937901284;574.1931408089862;968.2812991558719;763.7158789297082;39.58867946069089;145.55978481255394;0.5799193871527735;0.7887334802350312;0.0518369207095334;0.6174439787565595;0.8004903702374877;0.19059415789094933;0.607735231667532;0.19059415789094933;0.0;0.0;0.0;0.0;0.0032258064516129032;0.075;0.34709470947094706;0.025;45.032051592255996;26.730055762539784;1203.7092501625712;BRONZE
94;Entreprise 95;0;0;0;0;0.0;0;2018;715.3481292822601;592.6915130843275;951.6200108662464;485.45577238968883;103.33459377901943;477.6823783067587;879.0422557283326;624.6946295851786;0.6786287019115682;4.6226763065259675;1.8402233275681525;0.17687510378299348;0.2648774171998376;1.3077615125756459;5.735654357453572;1.3077615125756459;0.0;0.3161290322580645;0.0;0.0;0.0032258064516129032;0.075;0.3161166116611661;0.025;73.54714503708436;16.718883240736556;1229.6261305645305;BRONZE
7;Entreprise 8;TICKER 8;Aerospace and Defense (Primary);France (Primary);B+;;Moult-Entreprise SA (ENXTPA:SAF);2018;174.11908738155935;979.1034348819715;233.90045063897725;57.220354798129705;90.4884513211891;457.8800008605826;20.288897606756116;820.652572000234;0.3286276976213339;5.060093240355455;0.04431051272958692;4.608474298298598;1.7524751846181843;1.7922874343885355;10.82020324788895;1.7922874343885355;0.0;0.3161290322580645;0.0;0.058064516129032254;0.012634408602150538;0.075;0.2854185418541854;0.025;77.22464988434326;16.02580003012039;1237.586796442545;BRONZE
72;Entreprise 73;0;0;0;0;0.0;0;2018;374.7739610371865;573.199056057661;13.486676157349109;594.8690674941737;925.2587744013447;694.2530433399219;423.99557336673456;982.7694884741395;1.5872742755336424;0.7503339201393829;0.6107219513608049;3.0807408396228566;1.6630556516396524;1.4155782216613972;0.619501345911071;1.4155782216613972;0.0;0.0;0.0;0.058064516129032254;0.012634408602150538;0.075;0.347024702470247;0.025;51.772362720142986;24.298856516897263;1258.0092132775153;BRONZE
12;Entreprise 13;TICKER 13;Aerospace and Defense (Primary);Netherlands (Primary);A+;;AirWarrior SE (ENXTPA:AIR);2018;554.7927758690818;260.5732861495771;163.22009194236242;367.7307000243113;588.4823641372822;68.79232859845929;164.98865011191967;386.6112803227931;0.6628253214874003;0.11689785929151703;2.3983582686226272;0.8383020011444327;6.760694160336102;5.619976648551069;0.4427886068116565;5.619976648551069;0.0;0.0;0.058064516129032254;0.0;0.023655913978494626;0.075;0.34807480748074804;0.025;52.9795237588275;2.407731500946075;127.56046825924997;NA
67;Entreprise 68;0;0;0;0;0.0;0;2018;518.1839055851912;92.56805509085252;722.530429748555;299.4829770745522;899.0505957134565;70.68367664948761;467.17652657372474;443.1974961698596;0.5779472767228124;0.07862035461240689;6.6093976532997925;-0.6377646893720792;-4.675469829080346;6.270153409925549;0.10296200851454151;6.270153409925549;0.0;0.0;0.07016129032258064;0.0;0.0;0.075;0.35;0.025;52.016129032258064;2.4739286827320663;128.68419357759538;NA
75;Entreprise 76;0;0;0;0;0.0;0;2018;219.86151024333967;321.82479928335016;129.26820705795217;136.70193661403485;755.6353474188527;821.2747830076203;690.7752491501877;877.6971486772306;0.6217638388035043;1.086866549868244;0.8411012531280634;1.4975723967101569;0.4009115288230855;1.0687009595777237;0.42589960935874666;1.0687009595777237;0.0;0.0;0.0;0.0;0.0032258064516129032;0.075;0.34817981798179815;0.025;45.1405624433411;28.74461740526671;1297.5481968923914;BRONZE
20;Entreprise 21;TICKER 21;Aerospace and Defense (Primary);Netherlands (Primary);A+;;AirWarrior SE (ENXTPA:AIR);2018;967.696253467243;116.24537201106133;214.59548015413398;912.5756384893147;500.22207361807614;68.14025676253654;736.4554531109836;383.79315451928295;0.9430393423758417;0.13622001178333087;10.80793481124489;0.8414060997228032;11.949258324396316;5.6323995939253955;0.23238752974307103;5.6323995939253955;0.0;0.0;0.0717741935483871;0.0;0.02446236559139785;0.075;0.3493349334933493;0.025;54.557149263313434;2.3849089866887785;130.11383556619728;NA
35;Entreprise 36;0;0;0;0;0.0;0;2018;529.0495453355363;268.503808875749;150.76338301175863;14.438953480155448;747.2031774761105;70.92037828675845;912.5839911355565;872.2796871059686;0.02729225194021839;0.09491444954277635;12.86772593690388;0.24984310167077897;1.8637714932891865;12.29942236882896;0.3593451111686869;12.29942236882896;0.0;0.0;0.07258064516129033;0.0;0.012634408602150538;0.075;0.34856485648564856;0.025;53.377991024908944;2.4822132400365455;132.49555604858088;NA
70;Entreprise 71;0;0;0;0;0.0;0;2018;135.49263191255633;561.8690717285014;18.849436897315442;554.9868155555694;895.4819350733501;691.320395054629;730.3827382868309;861.2138690936933;4.096066389157932;0.7720093147362063;1.0565039647486678;8.103809298614717;1.5882743489724318;1.245752150890383;0.6274488068622824;1.245752150890383;0.022043010752688174;0.0;0.0;0.06693548387096773;0.012634408602150538;0.075;0.34695469546954694;0.025;54.856759869535345;24.19621382691201;1327.325891654843;BRONZE
55;Entreprise 56;0;0;0;0;0.0;0;2018;428.05857023677316;430.3846149769375;79.72210599908036;347.06686847755674;795.3605309314636;842.0409996541332;128.64723255747734;995.6816073858639;0.8107929442589661;1.058690954488276;0.1527802477674115;1.6299857682313825;0.8286168698935147;1.1824621458988793;0.5411188992153092;1.1824621458988793;0.0;0.0;0.0;0.0;0.0032258064516129032;0.075;0.34747974797479747;0.025;45.07055544264104;29.47143498789466;1328.2939445960972;BRONZE
48;Entreprise 49;0;0;0;0;0.0;0;2018;542.2903398194862;899.636565031185;968.1795239564399;144.22750907789182;290.3535681540094;558.4334763489217;554.6688478609792;491.982705236087;0.26595994523137045;1.92328780355376;0.9932585909559795;0.13956462912068515;0.13553010941870455;0.8810050365402615;3.0984174596194376;0.8810050365402615;0.0;0.2521505376344086;0.0;0.0;0.0;0.075;0.33204320432043205;0.025;68.41937419548407;19.545171672212255;1337.2684143560655;BRONZE
19;Entreprise 20;TICKER 20;Aerospace and Defense (Primary);Netherlands (Primary);A+;;AirWarrior SE (ENXTPA:AIR);2018;956.546830100511;555.8905023901425;855.7682446193031;199.12880014451795;809.0781564943455;856.8483776602312;933.1318566119298;88.56812002541525;0.20817464851521605;1.059042776995574;1.089027978508874;-0.10532567660493554;-0.11758082843052652;0.10336498537496847;0.6870665064037327;0.10336498537496847;0.0;0.0;0.0;0.0;0.0;0.075;0.3466046604660466;0.025;44.66046604660466;29.98969321810809;1339.3536757154066;BRONZE
38;Entreprise 39;0;0;0;0;0.0;0;2018;13.39704120316676;587.21025821396;464.1190744242806;665.7492336475107;479.71264818011537;691.6037086105758;122.05148226244911;90.01493141313655;49.69375129563254;1.4417041352449451;0.17647603785649035;58.88168928305795;1.140595991050947;0.13015391660344844;1.2240875041374415;0.13015391660344844;0.025;0.0;0.0;0.07419354838709677;0.012634408602150538;0.075;0.34334933493349334;0.025;55.51772919227407;24.206129801370153;1343.869359105503;SILVER
3;Entreprise 4;TICKER 4;Aerospace and Defense (Primary);France (Primary);B+;;Moult-Entreprise SA (ENXTPA:SAF);2018;679.2032867154029;771.5642519104565;182.32428355768792;839.823808707815;839.2769415679031;844.4976637134048;270.43418777935;591.540388593262;1.2364837231120684;1.0062204999171651;0.32023082999448843;2.104029537270753;1.692205719997778;0.7004642096843168;0.919320207307318;0.7004642096843168;0.0;0.0;0.0;0.0;0.012634408602150538;0.075;0.3452045204520452;0.025;45.78389290541958;29.55741822996917;1353.2536708016048;SILVER
47;Entreprise 48;0;0;0;0;0.0;0;2018;509.6162420749039;478.5799830233405;798.0969955194278;935.9211512462992;823.6391414505396;875.2478165714641;872.9703428561943;402.648287686301;1.836521433138971;1.0626593280038084;0.9973979098580432;1.209545708826942;0.704262412404296;0.46003917983316067;0.5810554148513348;0.46003917983316067;0.0;0.0;0.0;0.0;0.0032258064516129032;0.075;0.34723472347234724;0.025;45.046052992396014;30.63367358000124;1379.9260834364975;SILVER
44;Entreprise 45;0;0;0;0;0.0;0;2018;863.6063751180337;675.7753922415022;352.8931126992778;410.5268270071287;968.3420236185656;881.7600104360044;735.5215401042985;721.3687140859753;0.47536335862622575;0.9105873636889003;0.8341516188068052;0.8492400330522272;0.8317559175616319;0.8181009634688237;0.6978684966250037;0.8181009634688237;0.0;0.0;0.0;0.0;0.0032258064516129032;0.075;0.3465346534653465;0.025;44.97604599169595;30.86160036526015;1388.0327574052808;SILVER
59;Entreprise 60;0;0;0;0;0.0;0;2018;253.41338327532125;190.26262353240597;372.2104592102875;697.4278601819199;972.0587236156001;878.1113730573059;202.28988958311345;296.2359096604953;2.7521350734037537;0.9033521861633478;0.23036928548004576;2.0341468072504854;0.5870326251547113;0.3373557372672394;0.19573161467521089;0.3373557372672394;0.01693548387096774;0.0;0.0;0.0;0.0032258064516129032;0.075;0.34957995799579955;0.025;46.97412483183802;30.733898057005703;1443.6979638987698;SILVER
22;Entreprise 23;TICKER 23;Aerospace and Defense (Primary);Netherlands (Primary);A+;;AirWarrior SE (ENXTPA:AIR);2018;547.5604207104204;127.54617958647596;334.45449198818;439.5791695434265;156.0176729393845;551.8828867466892;994.744756484668;639.9881136625725;0.8027957334335889;3.53731007743658;1.8024562463761438;0.4249227086936792;0.42159462220925303;1.1596447888341987;0.8175111010406481;1.1596447888341987;0.0;0.30483870967741933;0.0;0.0;0.0032258064516129032;0.075;0.3457995799579958;0.025;75.3864096087028;19.31590103613412;1456.1564274711739;SILVER
4;Entreprise 5;TICKER 5;Aerospace and Defense (Primary);Netherlands (Primary);A+;;AirWarrior SE (ENXTPA:AIR);2018;110.83529758203336;858.7223103144614;922.7095464300356;708.45921632483;685.3491899140306;794.6694511765592;961.526554324201;923.9368544332482;6.391999947493917;1.1595103093012213;1.2099704511109608;5.8146817328862035;0.8109937776707958;1.162668142163135;1.2529704900098861;1.162668142163135;0.023118279569892472;0.0;0.0;0.06693548387096773;0.0032258064516129032;0.075;0.3431743174317432;0.025;53.64538873242163;27.813430791179567;1492.062306775133;SILVER
98;Entreprise 99;0;0;0;0;0.0;0;2018;599.101111720627;448.31217407433974;187.1776296759874;552.0540704575585;751.8720197830911;949.723410822182;187.71941830875448;637.1087195550855;0.9214706159900976;1.2631450377634341;0.1976569348187853;1.357347864904509;0.8562373061351914;0.6708360690019594;0.5962612815458596;0.6708360690019594;0.0;0.0;0.0;0.0;0.0032258064516129032;0.075;0.34716471647164715;0.025;45.03905229232601;33.24031937877637;1497.1124827143267;SILVER
40;Entreprise 41;0;0;0;0;0.0;0;2018;126.16843786529263;390.2078895661142;239.0401298999848;328.1292808712467;93.80478000499114;529.1538910558361;216.63777821094777;836.2077811642172;2.600723972041117;5.64101201482143;0.4094041107373965;3.79886640943523;0.9057800549874458;1.580273329363047;4.159786841836334;1.580273329363047;0.01693548387096774;0.3161290322580645;0.0;0.058064516129032254;0.0032258064516129032;0.075;0.32563756375637565;0.025;81.99924024660531;18.520386186954262;1518.657596403973;SILVER
83;Entreprise 84;0;0;0;0;0.0;0;2018;571.3652347687339;887.7681164994217;542.4606703205485;109.10090082832058;851.5855584609166;972.091906334051;464.96578354958905;98.64344200680941;0.1909477409357612;1.1415082098044587;0.47831463313285477;0.7953027579480231;0.4674540998092008;0.10147542774922708;1.0424884589446284;0.10147542774922708;0.0;0.0;0.0;0.0;0.0032258064516129032;0.075;0.34446944694469445;0.025;44.76952533963073;34.02321672169178;1523.2032631575282;SILVER
79;Entreprise 80;0;0;0;0;0.0;0;2018;405.8205118007785;312.85324231149656;501.77834153809164;962.4912294212517;746.2416369798339;979.2367540124989;950.7653403650888;402.2028518635926;2.371716562946302;1.3122247613730529;0.9709248927486165;1.906177996676541;0.7899684392205553;0.4107309598169545;0.4192385238348085;0.4107309598169545;0.01693548387096774;0.0;0.0;0.0;0.0032258064516129032;0.075;0.3482148214821482;0.025;46.83761118047289;34.273286390437455;1605.2788618323027;SILVER
77;Entreprise 78;0;0;0;0;0.0;0;2018;106.74831137751339;598.7803012421725;195.67175113330515;323.67210514908805;310.68319584321523;587.3703949297459;164.8324634713454;968.4436679607454;3.032105154379705;1.890576647815093;0.2806278029914338;6.808357395815934;1.2373464197916957;1.6487784817220468;1.927301860073385;1.6487784817220468;0.01693548387096774;0.2521505376344086;0.0;0.06693548387096773;0.012634408602150538;0.075;0.3391139113911391;0.025;78.77698253696337;20.5579638225411;1619.4943570438452;SILVER
11;Entreprise 12;TICKER 12;Aerospace and Defense (Primary);Netherlands (Primary);A+;;AirWarrior SE (ENXTPA:AIR);2018;77.50813382932364;300.6739671391911;547.3755366093017;423.2032675941786;219.04631522624328;647.5364765124672;869.187381807416;801.9744168182309;5.460114270407942;2.956162379831203;1.3422987172687582;2.2772022677353148;0.27257413987653534;1.2385007577295768;1.3726501942232547;1.2385007577295768;0.023118279569892472;0.2521505376344086;0.0;0.0;0.0032258064516129032;0.075;0.3424742474247425;0.025;72.09688710806564;22.66377667793635;1633.9877485915881;SILVER
81;Entreprise 82;0;0;0;0;0.0;0;2018;90.22999839479262;981.9733756727604;262.0738969533185;514.4265968904831;969.3290252147222;74.03312674067585;933.5850271110543;900.7860484009115;5.701281237307124;0.07637564213480176;12.610368739135216;13.679774992450414;16.67261846083494;12.167337623820696;1.013044436026495;12.167337623820696;0.023118279569892472;0.0;0.07258064516129033;0.07258064516129033;0.024731182795698928;0.075;0.34464446444644464;0.025;63.76552171346167;2.5911594359236547;165.2266332744309;NA
39;Entreprise 40;0;0;0;0;0.0;0;2018;908.6275789186992;668.1217275613498;731.906893603015;117.19613945717278;166.7430173327682;10.720303240685848;750.4734279682281;774.57818723399;0.12898149052072638;0.06429236685390785;70.00486936974139;0.05878202979384426;4.982225988981494;72.25338405487447;4.006894790850417;72.25338405487447;0.0;0.0;0.075;0.0;0.0228494623655914;0.075;0.32654765476547654;0.025;52.439711713106796;0.3752106134240047;19.675936399652766;NA
2;Entreprise 3;TICKER 3;Aerospace and Defense (Primary);Netherlands (Primary);A+;;AirWarrior SE (ENXTPA:AIR);2018;312.6856312092639;121.76430266012883;937.8730750571627;132.62230122791163;23.724888444687675;496.67537690676664;34.30721268832882;56.821466365791885;0.424139416688305;20.93478239380211;0.06907371350275089;-2.185858264499852;-1.3761231237710883;0.1144036306363102;5.132344581683102;0.1144036306363102;0.0;0.3387096774193548;0.0;0.0;0.0;0.075;0.3197569756975697;0.025;75.84666531169245;25.443260057977554;1929.786430055776;SILVER
0;Entreprise 1;TICKER 1;Aerospace and Defense (Primary);Netherlands (Primary);A+;;AirWarrior SE (ENXTPA:AIR);2018;681.5757195997732;274.589113856199;969.8224348387323;313.092116517389;4.727785964327769;87.65334937025149;839.5861438196516;689.5571827182853;0.45936512630062476;18.540041793688662;9.578483307844905;-0.5606731482300172;-4.359687418799748;7.866866328239966;58.07985300689095;7.866866328239966;0.0;0.3349462365591398;0.07096774193548387;0.0;0.0;0.075;0.0;0.025;50.591397849462375;3.8814239016258765;196.36666082956722;NA
17;Entreprise 18;TICKER 18;Aerospace and Defense (Primary);Netherlands (Primary);A+;;AirWarrior SE (ENXTPA:AIR);2018;592.8353666763238;886.1424562567125;219.33487905299665;332.1062789700191;429.68827287961165;821.2168813111315;626.0331909574422;166.26198858813424;0.5601998423811014;1.911192213386789;0.7623238211542065;1.6849768288522535;1.2163825158816726;0.20245807456208778;2.0622914614776753;0.20245807456208778;0.0;0.2521505376344086;0.0;0.0;0.012634408602150538;0.075;0.33830883088308833;0.025;70.30937771196474;28.7425908458896;2020.873676204112;GOLD
5;Entreprise 6;TICKER 6;Aerospace and Defense (Primary);France (Primary);B+;;Moult-Entreprise SA (ENXTPA:SAF);2018;818.3848934018603;117.89883513838562;420.87740121185226;304.10804743307716;58.63406428096907;761.5772609930739;996.9389819604553;462.49761203268133;0.3715953824232527;12.988648669204736;1.3090451002442967;0.001380134663673345;0.0014830817796971946;0.6072891559677062;2.010756657997051;0.6072891559677062;0.0;0.32741935483870965;0.0;0.0;0.0;0.075;0.3385888588858886;0.025;76.60082137245982;26.655204134757582;2041.810530573018;GOLD
42;Entreprise 43;0;0;0;0;0.0;0;2018;532.7859458220328;338.1925804833306;97.23376390140415;730.7613199428813;524.378692653204;112.31385973265017;412.42802621630517;669.4533345582895;1.3715852035387182;0.2141846366113288;3.6721026879322034;1.8238471644096121;8.651827466689083;5.960558529035008;0.6449395927438895;5.960558529035008;0.0;0.0;0.058064516129032254;0.0;0.0239247311827957;0.075;0.34684968496849683;0.025;52.88389322803248;3.9309850906427557;207.88579581453905;NA
16;Entreprise 17;TICKER 17;Aerospace and Defense (Primary);Netherlands (Primary);A+;;AirWarrior SE (ENXTPA:AIR);2018;102.01431161868967;431.95947303857395;632.9162123444169;269.5572090578313;362.5536942076498;830.5850323691722;469.781573125561;811.8862545162295;2.642346988189123;2.2909297178294947;0.5656032252177114;0.6724592722676407;0.08259295205008868;0.9774872203034939;1.1914358616110874;0.9774872203034939;0.01693548387096774;0.2521505376344086;0.0;0.0;0.0;0.075;0.34355935593559356;0.025;71.26453774409698;29.07047613292102;2071.6940436134205;GOLD
56;Entreprise 57;0;0;0;0;0.0;0;2018;193.96890525898925;681.1214200436953;331.0214427219895;588.2742618439863;277.34883281186694;794.0924976505821;459.52469788371064;709.0251693148517;3.032827664096555;2.863154279755834;0.5786790572172255;4.837756020289774;1.181693873121815;0.8928747865174242;2.455829408540248;0.8928747865174242;0.01693548387096774;0.2521505376344086;0.0;0.058064516129032254;0.012634408602150538;0.075;0.3359285928592859;0.025;77.5713539095845;27.793237417770367;2155.9590560269717;GOLD
50;Entreprise 51;0;0;0;0;0.0;0;2018;373.07173984240063;404.4114080748862;167.72856568148276;588.37554355909;184.23270599637786;832.2968464028772;926.92680541608;30.223450951454733;1.5771109969563541;4.5176389387628095;1.1136973658162783;2.2115274298209475;0.9913030303050313;0.0363133070635533;2.1951119150518106;0.0363133070635533;0.0;0.30483870967741933;0.0;0.0;0.0032258064516129032;0.075;0.3375037503750375;0.025;74.55682665040698;29.130389624100697;2171.8694094628895;GOLD
49;Entreprise 50;0;0;0;0;0.0;0;2018;161.1275475217604;19.72019059611496;402.65866491504465;459.03310232468385;476.3850410116195;894.2887094898258;807.104676346197;736.1667099372121;2.8488803397363887;1.8772392760082768;0.9025101936114507;0.47226330429610447;0.08508955463517442;0.823186854676026;0.041395486630391415;0.823186854676026;0.01693548387096774;0.2521505376344086;0.0;0.0;0.0;0.075;0.35;0.025;71.90860215053763;31.3001048321439;2250.746785644756;GOLD
45;Entreprise 46;0;0;0;0;0.0;0;2018;194.06239186852903;185.77012934913117;392.12989588317305;121.61508934102905;268.21405864215586;863.4593180586361;548.9040370017024;748.9618151340617;0.6266803586725825;3.2192917941361188;0.6357034147663541;-0.4366877908545238;-0.09814553554595838;0.8673967602990196;0.6926189115126914;0.8673967602990196;0.0;0.30483870967741933;0.0;0.0;0.0;0.075;0.3465696569656966;0.025;75.14083666431159;30.221076132052264;2270.836945458265;GOLD
33;Entreprise 34;0;0;0;0;0.0;0;2018;339.23289858567153;957.8250113448913;198.8806739850143;250.07841884952953;375.12418211846557;875.4378826358237;443.4527092466702;34.93804036296333;0.7371879905874562;2.33372820086378;0.5065495999687548;2.974424828535853;1.1525920641809297;0.03990921692555692;2.553354481003325;0.03990921692555692;0.0;0.2521505376344086;0.0;0.058064516129032254;0.012634408602150538;0.075;0.3353335333533353;0.025;75.81829957189267;30.640325892253827;2323.0974074793203;GOLD
74;Entreprise 75;0;0;0;0;0.0;0;2018;327.63748331871477;62.09410328024623;106.46169348701784;603.4245559823975;558.00230030837;959.4856830078671;50.492116215328785;774.9505960577981;1.841744570462978;1.719501303986784;0.052624147613169525;1.706327860026302;0.5826631659818544;0.8076729124591263;0.11127929624292057;0.8076729124591263;0.0;0.2521505376344086;0.0;0.0;0.0032258064516129032;0.075;0.35;0.025;70.53763440860216;33.58199890527534;2368.79476149039;GOLD
13;Entreprise 14;TICKER 14;Aerospace and Defense (Primary);France (Primary);B+;;Moult-Entreprise SA (ENXTPA:SAF);2018;704.522283883323;526.3529563170566;989.0205758499952;900.4164547260804;380.0281314153279;131.43290680778597;425.59022423143153;355.4422118201681;1.2780524836815519;0.34585046722276624;3.2380796755399763;0.6213413616674729;3.330587794374262;2.7043624040057526;1.3850368243971187;2.7043624040057526;0.0;0.0;0.058064516129032254;0.0;0.02123655913978495;0.075;0.34236923692369237;0.025;52.16703121925096;4.600151738272508;239.9762593437535;NA
76;Entreprise 77;0;0;0;0;0.0;0;2018;583.8064823828597;475.4112090703516;919.5073651601891;322.51878010223413;742.8830908782813;157.2041156136641;23.291995386440668;63.080998407391675;0.5524412452322286;0.21161353319781162;0.14816403053773575;-0.208249445075317;-0.7733727295434493;0.4012681103236251;0.6399542739737039;0.4012681103236251;0.0;0.0;0.0;0.0;0.0;0.075;0.3468846884688469;0.025;44.688468846884696;5.502144046478243;245.88239281211506;NA
71;Entreprise 72;0;0;0;0;0.0;0;2018;954.0152086095969;779.5354410082807;873.0471252892883;959.5289475069113;22.310879954230643;635.2576978114317;442.00208119926896;764.147533576293;1.005779508384725;28.4730005770558;0.6957839042675744;0.9077604375805043;1.3632534736839508;1.2028937802861863;34.939699492240926;1.2028937802861863;0.0;0.3462365591397849;0.0;0.0;0.012634408602150538;0.075;0.13976897689768977;0.025;59.86399446396252;41.58618574745835;2489.5151933631637;GOLD
62;Entreprise 63;0;0;0;0;0.0;0;2018;158.94844070457447;773.8569035890999;1.840392762323062;809.9335301200964;325.1658835252089;937.2976590424763;12.93714254267153;423.4047430161035;5.0955739265505535;2.882521526800369;0.01380259773174708;9.952598678757253;1.687777650658981;0.4517292227622172;2.3798834465643;0.4517292227622172;0.022043010752688174;0.2521505376344086;0.0;0.07096774193548387;0.012634408602150538;0.075;0.3363836383638364;0.025;79.41793372885677;32.805418066486666;2605.3385179516786;GOLD
58;Entreprise 59;0;0;0;0;0.0;0;2018;200.86142194494104;994.1590536805951;23.94820962850952;665.5996756163573;549.2042867394765;998.5203155828939;2.51995587028242;917.6026130310865;3.313725797474478;1.8181218531831258;0.0025236901352491525;8.14397560182981;1.6382345898626267;0.9189623873555632;1.8101807973545365;0.9189623873555632;0.01693548387096774;0.2521505376344086;0.0;0.06693548387096773;0.012634408602150538;0.075;0.3398139813981398;0.025;78.84698953766343;34.94821104540128;2755.561230656808;GOLD
85;Entreprise 86;0;0;0;0;0.0;0;2018;761.6483071182981;865.2329357569987;813.0725612573945;950.3718056459463;708.0939704207243;176.1743836989471;940.4775170491722;40.0955125824557;1.2477829948072554;0.24880085279397388;5.338332947747346;1.3162665376867158;5.690567261235392;0.22758991256624628;1.2219182367036794;0.22758991256624628;0.0;0.0;0.06854838709677419;0.0;0.02338709677419355;0.075;0.34338433843384336;0.025;53.53198223048111;6.166103429463148;330.0837392173299;NA
73;Entreprise 74;0;0;0;0;0.0;0;2018;365.52769941794236;663.3846783503432;533.3897086296639;515.3660520844049;390.30065717660676;205.50873574287365;43.160348981927335;894.3001539866194;1.4099233872154193;0.5265395585790243;0.2100171013456492;1.7655598271560315;3.1403094348871887;4.3516405799193905;1.699676047560865;4.3516405799193905;0.0;0.0;0.0;0.0;0.02123655913978495;0.075;0.34047904790479044;0.025;46.17156070445754;7.192805751000577;332.10306736769445;NA
82;Entreprise 83;0;0;0;0;0.0;0;2018;418.7629897697748;310.08726334659644;544.3415217442337;164.8785227458437;294.6854342928966;20.80812580961977;823.9502595334636;887.0067390170208;0.3937275422464858;0.07061131426312016;39.59752392272372;-0.1656682594847613;-3.334069405699215;42.627901577130515;1.0522653218020661;42.627901577130515;0.0;0.0;0.07419354838709677;0.0;0.0;0.075;0.3443994399439944;0.025;51.859298833109115;0.7282844033366919;37.76831850813007;NA
46;Entreprise 47;0;0;0;0;0.0;0;2018;899.2209991054284;382.32216241604823;720.9538109530588;273.98021249030427;720.4977672186311;252.4268332097348;443.47343260712466;644.8167869661437;0.3046861814424573;0.3503506113338687;1.7568395046126268;-0.07189715999851366;-0.25611950688692875;2.5544700567961507;0.5306361515760737;2.5544700567961507;0.0;0.0;0.0;0.0;0.0;0.075;0.34754975497549756;0.025;44.75497549754976;8.834939162340719;395.40748573290165;NA
34;Entreprise 35;0;0;0;0;0.0;0;2018;222.0671411083972;179.93025587510448;548.5342303147906;811.9501743012081;489.5000657669707;234.42365834755284;48.8031968593482;589.3826293490507;3.656327407326203;0.47890424280178046;0.20818375245638962;1.9964511527849689;1.8912178189977047;2.5141772528574795;0.3675796357517985;2.5141772528574795;0.022043010752688174;0.0;0.0;0.0;0.012634408602150538;0.075;0.34852985298529854;0.025;48.32072723401373;8.204828042164348;396.46325782741036;NA
57;Entreprise 58;0;0;0;0;0.0;0;2018;293.2288859890073;421.92033994653787;750.652647013595;543.7483087349949;459.8298352398782;230.7885868479175;700.2041263997543;847.5703594402139;1.8543476946380348;0.5018999837788312;3.0339634033166774;0.7332701924734604;0.9316578631751259;3.672496855309125;0.917557556321755;3.672496855309125;0.0;0.0;0.058064516129032254;0.0;0.0032258064516129032;0.075;0.3452045204520452;0.025;50.649484303269034;8.07760053967711;409.1263017424533;NA
26;Entreprise 27;TICKER 27;Aerospace and Defense (Primary);Netherlands (Primary);A+;;AirWarrior SE (ENXTPA:AIR);2018;489.82667454094684;77.40793085523401;933.0970718516257;275.80721853307534;810.1711854560139;263.3026879592565;15.267720587029965;287.73686105220463;0.5630710471036615;0.32499636210963695;0.05798543381901401;-1.1838512531126792;-2.202339546769258;1.0927987985323153;0.09554515421535771;1.0927987985323153;0.0;0.0;0.0;0.0;0.0;0.075;0.35;0.025;45.0;9.215594078573977;414.70173353582896;NA
31;Entreprise 32;TICKER 32;Aerospace and Defense (Primary);France (Primary);B+;;Moult-Entreprise SA (ENXTPA:SAF);2018;594.4978944142698;667.7415593096105;244.1312882574024;686.7642864126832;721.1056013654754;271.67334478787785;197.23057032643086;30.20893769197086;1.1552005362261526;0.3767455755071671;0.7259842531862234;1.867751875822689;4.087167838758234;0.11119581023143052;0.9259969109173254;0.11119581023143052;0.0;0.0;0.0;0.0;0.022311827956989248;0.075;0.3451695169516952;0.025;46.748134490868445;9.508567067575724;444.50777209047254;NA
95;Entreprise 96;0;0;0;0;0.0;0;2018;137.45896010941672;255.07428494393082;96.04415335416405;435.6060763931212;720.3073822962218;216.26296971236636;869.340114561936;935.8554953791108;3.1689900465301113;0.30023705854985894;4.019828802490663;4.325918132288795;2.7495979028391444;4.327395932016542;0.3541186599126554;4.327395932016542;0.01693548387096774;0.0;0.058064516129032254;0.058064516129032254;0.019086021505376347;0.075;0.3485998599859986;0.025;60.075039762040724;7.569203939932822;454.7202276584596;NA
63;Entreprise 64;0;0;0;0;0.0;0;2018;124.00317062023424;566.5139699861204;541.8923164022412;217.67173741989964;595.7178867080951;260.6537470241761;875.052886923867;490.4851093517313;1.7553723532322407;0.43754561150502735;3.3571467777238757;1.9539289986851553;0.9295603603247093;1.8817496964900258;0.950976934932483;1.8817496964900258;0.0;0.0;0.058064516129032254;0.0;0.0032258064516129032;0.075;0.344994499449945;0.025;50.62848220305901;9.122881145846161;461.87762573309493;NA
66;Entreprise 67;0;0;0;0;0.0;0;2018;837.5251932636264;879.6759957378246;387.4518213109831;531.6611919653675;667.3979601118403;293.0566283216183;559.5393178625875;370.0561664137566;0.6348002379410423;0.4391032724650654;1.9093214887073455;1.2225129161815222;3.4938140531274193;1.2627462771721865;1.3180681517072832;1.2627462771721865;0.0;0.0;0.0;0.0;0.02123655913978495;0.075;0.34278927892789274;0.025;46.40258380676777;10.25698199125664;475.950466453794;NA
65;Entreprise 66;0;0;0;0;0.0;0;2018;517.9625575712458;192.69974965664773;135.9697431082273;544.0070011210307;669.7722303927621;292.97314524622954;485.2626851998705;701.604560002051;1.050282483104394;0.4374220547699129;1.656338449696579;1.1598077870461123;2.050484890567568;2.394774304014748;0.28770937478797287;2.394774304014748;0.0;0.0;0.0;0.0;0.019086021505376347;0.075;0.349019901990199;0.025;46.81059234955753;10.254060083618032;479.99862650211355;NA
32;Entreprise 33;0;0;0;0;0.0;0;2018;273.7768302556991;543.3130404054353;880.5057259590944;813.8459429691939;240.67515807909967;268.11965224149867;871.2053910933416;90.46501076231294;2.972661865538756;1.1140312709522733;3.249315683539065;1.7410284755300707;1.7777632241078969;0.3374053710946559;2.2574537594231954;0.3374053710946559;0.01693548387096774;0.0;0.058064516129032254;0.0;0.012634408602150538;0.075;0.33711871187118714;0.025;52.475312047333766;9.384187828452454;492.438184608834;NA
15;Entreprise 16;TICKER 16;Aerospace and Defense (Primary);France (Primary);B+;;Moult-Entreprise SA (ENXTPA:SAF);2018;205.1010411209866;386.01116306347836;112.96451581504108;404.721016926218;576.5591556548926;267.6796906288701;17.132200979835368;97.90946811316937;1.9732762677078661;0.46427099110900855;0.06400261797817397;3.304554967006961;2.532010039993508;0.3657709999706998;0.6695083397383956;0.3657709999706998;0.01693548387096774;0.0;0.0;0.058064516129032254;0.019086021505376347;0.075;0.3467096709670967;0.025;54.079569247247306;9.368789172010453;506.6600827906001;NA
89;Entreprise 90;0;0;0;0;0.0;0;2018;16.62930846275956;466.5620563600844;662.5036685847696;531.9314841669145;796.6103702989226;264.72557723440417;263.3852380465693;234.26815154362268;31.98758898231676;0.3323150025464365;0.994936873112763;20.204680951986703;1.2692006395918571;0.8849471743192664;0.5856841358781335;0.8849471743192664;0.024731182795698928;0.0;0.0;0.07338709677419354;0.012634408602150538;0.075;0.3471997199719972;0.025;55.795240814404025;9.265395203204145;516.9649566033992;NA
60;Entreprise 61;0;0;0;0;0.0;0;2018;694.5606463625503;144.41985570252848;777.6676484214244;755.1047953593717;266.0021019834116;328.5544584087744;324.56079488431897;172.1392138893254;1.0871689885021476;1.2351573764227761;0.9878447440835313;0.1754447265024979;0.3708882942287338;0.5239290153693688;0.5429274980373455;0.5239290153693688;0.0;0.0;0.0;0.0;0.0032258064516129032;0.075;0.34747974797479747;0.025;45.07055544264104;11.499406044307102;518.2846176773847;NA
97;Entreprise 98;0;0;0;0;0.0;0;2018;456.39224453993074;977.7026671700017;726.9229808987214;190.15870617807306;490.4875905388725;353.4998518180246;124.8324103626518;461.81670532905804;0.4166563048628572;0.720711101843888;0.3531328506098308;0.9661391001370856;1.2473509965609282;1.3064127267775858;1.993328039341122;1.3064127267775858;0.0;0.0;0.0;0.0;0.012634408602150538;0.075;0.3387288728872887;0.025;45.136328148943925;12.372494813630857;558.4489859291491;NA
87;Entreprise 88;0;0;0;0;0.0;0;2018;702.6932741744334;108.06993315839719;331.3655903693182;486.0155581235138;629.3779315815082;317.0486770771801;994.2964264576046;772.1540626940088;0.6916468052074559;0.503749275543387;3.1361002216563736;0.37387564470608037;0.8286421609910647;2.4354432568915625;0.17170912378010747;2.4354432568915625;0.0;0.0;0.058064516129032254;0.0;0.0032258064516129032;0.075;0.3497199719971997;0.025;51.101029457784485;11.096703697701303;567.0529825405403;NA
23;Entreprise 24;TICKER 24;Aerospace and Defense (Primary);Netherlands (Primary);A+;;AirWarrior SE (ENXTPA:AIR);2018;68.89455245044851;989.214709344884;977.6794057161808;393.1308083617719;772.8373234163379;324.71859433222227;93.79037029976345;174.4385399509566;5.706268411345381;0.4201642240786189;0.28883584721300487;5.8737026019804075;1.2462055424410277;0.5371991102316952;1.2799779195083991;0.5371991102316952;0.023118279569892472;0.0;0.0;0.06693548387096773;0.012634408602150538;0.075;0.343034303430343;0.025;54.57224754733537;11.365150801627777;620.2218229592281;NA
41;Entreprise 42;0;0;0;0;0.0;0;2018;370.61002009934253;741.9314913095968;820.7221425650207;144.58502252182393;838.3029347288981;397.2235050283829;108.00019545105621;475.31476712380237;0.3901271273859992;0.4738424363942403;0.27188772588706517;0.17752993091974084;0.16563564450119544;1.1965927522084565;0.8850398353305692;1.1965927522084565;0.0;0.0;0.0;0.0;0.0032258064516129032;0.075;0.3454145414541454;0.025;44.864034790575836;13.902822675993399;623.7367202229744;NA
24;Entreprise 25;TICKER 25;Aerospace and Defense (Primary);Netherlands (Primary);A+;;AirWarrior SE (ENXTPA:AIR);2018;453.4819366782089;455.8047062332393;238.2158004441187;432.9119621766272;136.20378856707904;255.60858941575748;298.2376531166215;731.5082926088953;0.954639925346843;1.8766628454675673;1.1667747699648943;1.4344581676851744;2.5449100495902446;2.8618298558780753;3.3464906595366832;2.8618298558780753;0.0;0.2521505376344086;0.0;0.0;0.019086021505376347;0.075;0.33053805380538054;0.025;70.17746129451655;8.94630062955151;627.8286661594601;NA
29;Entreprise 30;TICKER 30;Aerospace and Defense (Primary);France (Primary);B+;;Moult-Entreprise SA (ENXTPA:SAF);2018;11.88918428336283;989.0554164273411;415.00146700157137;376.51185147602837;845.0860555142642;318.98765383972403;622.0942576988346;602.4984990134413;31.6684343099048;0.3774617410360759;1.950214217417352;79.95214627398582;2.979945428795222;1.8887831292560555;1.17036059224225;1.8887831292560555;0.02446236559139785;0.0;0.0;0.075;0.02123655913978495;0.075;0.34366436643664366;0.025;56.436329116782645;11.16456788439034;630.087227570115;NA
6;Entreprise 7;TICKER 7;Aerospace and Defense (Primary);Netherlands (Primary);A+;;AirWarrior SE (ENXTPA:AIR);2018;331.05759211604357;279.42306553250376;27.681045512538915;696.4101806655566;820.9699461861009;338.23328096304226;113.05153133990686;410.5218725624579;2.103592236668743;0.41199228124529924;0.3342412994310269;2.8640098377601064;2.8032492780895892;1.21372406462661;0.34035724064028405;1.21372406462661;0.01693548387096774;0.0;0.0;0.058064516129032254;0.019086021505376347;0.075;0.34870487048704873;0.025;54.279089199242506;11.838164833706477;642.5648049640897;NA
30;Entreprise 31;TICKER 31;Aerospace and Defense (Primary);Netherlands (Primary);A+;;AirWarrior SE (ENXTPA:AIR);2018;309.8086433026477;379.90430592121237;414.6171209356587;671.164206200802;995.8404678504107;353.45941200984043;881.922512363689;727.6263753395579;2.166383090691086;0.35493577879276844;2.4951167868154998;2.0543371043544947;1.8006350080405744;2.058585372510325;0.38149113054349115;2.058585372510325;0.01693548387096774;0.0;0.058064516129032254;0.0;0.012634408602150538;0.075;0.34845984598459845;0.025;53.6094254586749;12.371079420344412;663.2064600283009;NA
25;Entreprise 26;TICKER 26;Aerospace and Defense (Primary);Netherlands (Primary);A+;;AirWarrior SE (ENXTPA:AIR);2018;964.2499546366398;147.50524081854778;574.8879135297909;229.9764140201833;921.0622590917319;436.53355618117905;896.1505747999097;171.2300234152083;0.23850290364477722;0.4739457641133281;2.052879010354867;-0.2047251936511097;-0.45221325118275274;0.39224939524269;0.16014687320269105;0.39224939524269;0.0;0.0;0.0;0.0;0.0;0.075;0.34978997899789976;0.025;44.97899789978998;15.278674466341267;687.2194667331387;NA
84;Entreprise 85;0;0;0;0;0.0;0;2018;181.40460619123866;350.10210124197505;801.0673603755216;672.4265077153341;672.5814658673078;382.94080984595234;904.5855048495222;623.8540340068405;3.7067774729295184;0.5693597419490919;2.362207112930624;1.220813810804345;0.578317178236699;1.6291134764607658;0.5205348630749305;1.6291134764607658;0.022043010752688174;0.0;0.058064516129032254;0.0;0.0032258064516129032;0.075;0.34761976197619765;0.025;53.0953095309531;13.40292834460833;711.6326290781642;NA
1;Entreprise 2;TICKER 2;Aerospace and Defense (Primary);France (Primary);B+;;Moult-Entreprise SA (ENXTPA:SAF);2018;766.2515960231306;548.181419988251;758.380229300002;954.2200821152181;677.9214964528137;462.91961688832015;812.2683418421805;658.1898949752624;1.2453090956908277;0.6828513615669678;1.7546639032109566;0.9709882193589684;1.6072364308185347;1.4218232949372966;0.8086207958540622;1.4218232949372966;0.0;0.0;0.0;0.0;0.012634408602150538;0.075;0.34586958695869585;0.025;45.85039955608464;16.202186591091202;742.8767288837686;NA
96;Entreprise 97;0;0;0;0;0.0;0;2018;891.5049038587102;699.521105761536;81.3674361773481;39.60162297316816;0.160114355642893;473.7753098846708;23.528600624345696;376.2126092155792;0.04442109381761113;2958.980835805526;0.04966193917972038;0.7378033364823757;1.3883275021601922;0.7940739024732191;4368.884369879333;0.7940739024732191;0.0;0.35;0.0;0.0;0.012634408602150538;0.075;0.0;0.025;46.263440860215056;164.37940305361315;7604.756791808286;GOLD
52;Entreprise 53;0;0;0;0;0.0;0;2018;297.654196387091;768.69980416879;456.42262506430785;471.48420826199435;743.7759591680048;37.50244233419042;167.09688996650695;556.0739761178926;1.5839998695964703;0.05042169200540043;4.4556268756439685;2.633127289585451;20.89894253772195;14.827673652895086;1.0335098825036848;14.827673652895086;0.0;0.0;0.06854838709677419;0.058064516129032254;0.025;0.075;0.3445044504450445;0.025;59.611735367085096;1.3125854816966644;78.24549838157948;NA
37;Entreprise 38;0;0;0;0;0.0;0;2018;729.9825786293321;477.07945116426384;292.29354680715545;381.1174498493805;817.1160998984295;485.1188901385193;299.9833177390625;709.2272959254279;0.5220911580725585;0.5936964039734639;0.6183707207390052;0.7752285750011593;1.1665250842837775;1.4619659434884456;0.5838576075340659;1.4619659434884456;0.0;0.0;0.0;0.0;0.012634408602150538;0.075;0.34723472347234724;0.025;45.98691320744978;16.979161154848175;780.8192103633058;NA
54;Entreprise 55;0;0;0;0;0.0;0;2018;860.9524198255317;878.3201404853806;418.9299323819732;749.0419630600612;951.1179193428649;489.8199628156689;465.0126554318158;842.2276842313564;0.870015515156867;0.5149939380325097;0.9493542336632191;1.4035992504769919;2.4670945712725696;1.7194637788748253;0.923460827120384;1.7194637788748253;0.0;0.0;0.0;0.0;0.019086021505376347;0.075;0.3451695169516952;0.025;46.42555384570716;17.14369869854841;795.9057070440389;NA
14;Entreprise 15;TICKER 15;Aerospace and Defense (Primary);Netherlands (Primary);A+;;AirWarrior SE (ENXTPA:AIR);2018;230.10658373950565;129.76782587546586;432.19161808275607;519.6254543969312;588.3506963530608;488.81867921482234;179.29694048095513;75.7827235625772;2.258194641597818;0.8308287595218368;0.3667964177820608;0.943917634427732;0.4443399391744334;0.15503238068623967;0.22056203329042046;0.15503238068623967;0.01693548387096774;0.0;0.0;0.0;0.0032258064516129032;0.075;0.3494049404940494;0.025;46.956623081663004;17.10865377251878;803.3646066308363;NA
10;Entreprise 11;TICKER 11;Aerospace and Defense (Primary);Netherlands (Primary);A+;;AirWarrior SE (ENXTPA:AIR);2018;607.9338575166681;386.0516171887508;174.35442459956818;305.26306383378864;178.44263129832282;302.94226399914635;852.5094405042996;126.09384610675811;0.5021320330483798;1.6977011703704556;2.8140987303993406;0.8503560873129976;1.706464623319868;0.4162306191357751;2.1634494760579073;0.4162306191357751;0.0;0.2521505376344086;0.058064516129032254;0.0;0.012634408602150538;0.075;0.33767876787678763;0.025;76.05282302423791;10.602979239970121;806.3865036671162;NA
18;Entreprise 19;TICKER 19;Aerospace and Defense (Primary);Netherlands (Primary);A+;;AirWarrior SE (ENXTPA:AIR);2018;744.1021641162395;697.3398328927063;746.4852278948744;421.4496132092861;972.8110364071265;517.8648976783968;469.1484206086758;12.118836816022771;0.5663867591486397;0.5323386334010171;0.9059282116086292;0.5003401900454073;0.7189215177089017;0.023401541348625605;0.7168296892150656;0.023401541348625605;0.0;0.0;0.0;0.0;0.0032258064516129032;0.075;0.3464296429642964;0.025;44.96554494159093;18.125271418743885;815.0127065580617;NA
86;Entreprise 87;0;0;0;0;0.0;0;2018;364.50190307957575;107.42517023720232;134.6190015211104;718.3520608613491;887.2020665457869;499.2481219565126;496.10444333157324;861.701314791334;1.970777257381076;0.562722000750375;0.9937031738594838;1.896171799757522;1.384398256459831;1.725998109746306;0.12108309289162178;1.725998109746306;0.01693548387096774;0.0;0.0;0.0;0.012634408602150538;0.075;0.35;0.025;47.956989247311824;17.47368426847794;837.9852885743182;NA
28;Entreprise 29;TICKER 29;Aerospace and Defense (Primary);Netherlands (Primary);A+;;AirWarrior SE (ENXTPA:AIR);2018;341.56494878285883;322.2229771872052;196.78351185524645;753.1452476638068;8.519000595326066;211.4417115541074;738.8856513073358;277.5981295189505;2.204984001864312;24.82001370795942;3.4945122505700907;2.572233234488891;4.155209993988995;1.3128825314484547;37.82403505922892;1.3128825314484547;0.01693548387096774;0.3424731182795699;0.058064516129032254;0.058064516129032254;0.022311827956989248;0.075;0.12233723372337232;0.025;72.01866960889637;12.611344115647594;908.2522251889235;NA
68;Entreprise 69;0;0;0;0;0.0;0;2018;404.173370988265;277.66660530443886;713.5943352642945;180.86592678121315;417.3428652040989;580.9152359876045;776.9826050770531;584.9256542282959;0.44749590092728925;1.3919376235257108;1.3375145923933593;-0.6310702819311866;-0.43906888196006094;1.006903620342946;0.6653201203491229;1.006903620342946;0.0;0.0;0.0;0.0;0.0;0.075;0.3467446744674467;0.025;44.67446744674468;20.332033259566156;908.3227579806183;NA
43;Entreprise 44;0;0;0;0;0.0;0;2018;504.7146303781651;95.78177833968138;734.6308247485714;645.4092493849363;522.2266143909842;596.9489201208678;741.7288727808972;547.7091908053534;1.2787607303979946;1.143084062877615;1.2425332348883635;0.012997845874075292;0.010989554976861314;0.9175143338804523;0.18341037339006783;0.9175143338804523;0.0;0.0;0.0;0.0;0.0;0.075;0.34964996499649964;0.025;44.96499649964997;20.893212204230373;939.4632136296627;NA
51;Entreprise 52;0;0;0;0;0.0;0;2018;501.2221191050632;323.54299996164326;822.6178901265074;732.6870298044659;613.5603718333174;613.0822258653786;985.4051550353576;642.7019007493648;1.4618010695790629;0.9992207026563498;1.6072968901429774;0.4660850563752421;0.38104536354785556;1.0483127281045823;0.5273205617809007;1.0483127281045823;0.0;0.0;0.0;0.0;0.0032258064516129032;0.075;0.34754975497549756;0.025;45.07755614271105;21.45787790528825;967.2686959790701;NA